<?xml version="1.0"?>
<data grt_format="2.0">
  <value _ptr_="000000202DD4A1D0" type="list" content-type="object" content-struct-name="db.mgmt.ServerInstance">
    <value type="object" struct-name="db.mgmt.ServerInstance" id="{D933E13F-3628-42EB-B0CF-0B8ACE5B71BC}" struct-checksum="0x367436e2">
      <link type="object" struct-name="db.mgmt.Connection" key="connection">{34594364-F4CA-4CE4-929E-E17F8BFD1272}</link>
      <value _ptr_="0000002034718B50" type="dict" key="loginInfo">
        <value type="string" key="wmi.hostName"></value>
        <value type="string" key="wmi.userName"></value>
      </value>
      <value _ptr_="0000002034719030" type="dict" key="serverInfo">
        <value type="string" key="basedir">C:\Program Files\MySQL\MySQL Server 5.7\</value>
        <value type="string" key="datadir">C:\ProgramData\MySQL\MySQL Server 5.7\Data\</value>
        <value type="string" key="errorLogFilePath">SMG.err</value>
        <value type="string" key="generalLogFilePath">SMG.log</value>
        <value type="string" key="serverVersion">5.7.20-log</value>
        <value type="int" key="setupPending">0</value>
        <value type="int" key="slowLogEnabled">1</value>
        <value type="string" key="slowLogFilePath">SMG-slow.log</value>
        <value type="string" key="sys.config.path">C:\ProgramData\MySQL\MySQL Server 5.7\my.ini</value>
        <value type="int" key="sys.config.path.lock">1</value>
        <value type="string" key="sys.config.section">mysqld</value>
        <value type="string" key="sys.mysqld.service_name">MySQL57</value>
        <value type="string" key="sys.preset">Custom</value>
        <value type="string" key="sys.sudo"></value>
        <value type="string" key="sys.system">Windows</value>
        <value type="int" key="sys.usesudo">0</value>
        <value type="int" key="sys.usesudostatus">0</value>
        <value type="int" key="windowsAdmin">1</value>
      </value>
      <value type="string" key="name">Local MySQL57</value>
    </value>
  </value>
</data>
